date,fear_and_greed,gold,crude_oil,platinum,usd_index
04-01-2021,50,1912.199951,48.40000153,1085.400024,89.93000031
05-01-2021,50,1941.699951,47.38000107,1074.800049,89.90000153
06-01-2021,50,1952,49.81999969,1108,89.48000336
07-01-2021,50,1922.599976,50.52999878,1098.599976,89.31999969
08-01-2021,50,1908,50.93000031,1109,89.83000183
11-01-2021,50,1826.5,52.58000183,1044.800049,90.06999969
12-01-2021,50,1849,52.18000031,1063.599976,90.51999664
13-01-2021,50,1858,53.31000137,1105.900024,90
14-01-2021,50,1836.699951,52.84000015,1121.599976,90.27999878
15-01-2021,50,1829.400024,53.79999924,1115.599976,90.22000122
19-01-2021,50,1802,52,1083,90.73000336
20-01-2021,50,1847.800049,53.13000107,1112.900024,90.41000366
21-01-2021,50,1865.300049,52.93000031,1124.199951,90.41999817
22-01-2021,68.9,1854.900024,53.09999847,1127.199951,90.05000305
25-01-2021,69.7,1864.699951,52.16999817,1107,90.23000336
26-01-2021,67.4,1855.800049,52.90999985,1103.800049,90.38999939
27-01-2021,28.2,1844.900024,52.75999832,1075.5,90.15000153
28-01-2021,52.9,1843.400024,52.65000153,1060.699951,90.73000336
29-01-2021,40.96666667,1842,52.15000153,1075.800049,90.55999756
01-02-2021,43.4,1866.599976,51.99000168,1092.900024,90.52999878
02-02-2021,60.46666667,1859.599976,53.47999954,1092.699951,91
03-02-2021,59.2,1834.800049,55.04999924,1111.599976,91.05000305
04-02-2021,61.06666667,1832.199951,55.95999908,1100.099976,91.08999634
05-02-2021,68,1794.300049,56.45999908,1130.300049,91.48999786
08-02-2021,72.86666667,1816.300049,57.06000137,1172.400024,91
09-02-2021,75.4,1841.900024,58.11000061,1191.400024,90.91000366
10-02-2021,75.26666667,1842.599976,58.45000076,1244.199951,90.48999786
11-02-2021,76,1840.5,58.40000153,1250.699951,90.45999908
12-02-2021,77.66666667,1825,57.93999863,1256.400024,90.41000366
16-02-2021,73.93333333,1820.900024,59.97999954,1277,90.29000092
17-02-2021,70.2,1785.800049,60.24000168,1255.300049,90.70999908
18-02-2021,62.53333333,1776.099976,61.68000031,1272.400024,90.90000153
19-02-2021,56.24,1764.300049,60.20000076,1290.599976,90.56999969
22-02-2021,52.48,1784,58.88000107,1280,90.33999634
23-02-2021,50.56,1809.599976,62.15999985,1237.400024,90.01999664
24-02-2021,63.8,1805.800049,61.29000092,1255.599976,90.09999847
25-02-2021,46.16,1801.5,63.38999939,1229.699951,90.06999969
26-02-2021,53.52,1768.099976,63.45999908,1183.5,90.36000061
01-03-2021,58.52,1737.099976,61.95000076,1189.599976,90.93000031
02-03-2021,50.32,1709.400024,60.22999954,1212.699951,91.02999878
03-03-2021,43.84,1730,59.54999924,1180.400024,90.79000092
04-03-2021,37.8,1706.5,61.08000183,1134.199951,91.01000214
05-03-2021,41.52,1690.599976,64.16000366,1127.099976,91.66000366
08-03-2021,39.08,1704.699951,66.68000031,1151.099976,91.98999786
09-03-2021,43.36,1686.199951,64.73000336,1174.199951,92.45999908
10-03-2021,45.56,1713.599976,63.84000015,1188,92.05000305
11-03-2021,50.48,1725.599976,64.69999695,1201.099976,91.79000092
12-03-2021,53.72,1715.900024,65.95999908,1199.099976,91.43000031
15-03-2021,56.52,1729.5,65.55999756,1208.300049,91.66000366
16-03-2021,54.8,1732.300049,65.33000183,1217.900024,91.83000183
17-03-2021,57.86666667,1735.300049,64.75,1198.099976,91.86000061
18-03-2021,52.33333333,1745.800049,64.41999817,1216.199951,91.40000153
19-03-2021,50.83333333,1742.199951,59.56000137,1198.900024,91.83000183
22-03-2021,50.7,1737.800049,61.54999924,1182.800049,91.73999786
23-03-2021,41.8,1724.699951,61.27999878,1176.5,91.80000305
24-03-2021,37.66666667,1727.5,57.40000153,1179.599976,92.38999939
25-03-2021,37.83333333,1732.699951,60.79999924,1153.699951,92.59999847
26-03-2021,37.56666667,1721.300049,58.47999954,1177.5,92.80999756
29-03-2021,39.56666667,1712.099976,60.93000031,1181.300049,92.72000122
30-03-2021,42.03333333,1711,61.95999908,1177,92.91000366
31-03-2021,44.56666667,1683.699951,60.45000076,1158.900024,93.23999786
01-04-2021,46.4,1706.800049,59.49000168,1188.400024,93.22000122
05-04-2021,54.56666667,1727.900024,61.5,1212.800049,93.01000214
06-04-2021,53.5,1726.900024,58.79999924,1211,92.56999969
07-04-2021,52.53333333,1742.699951,59.25999832,1245.900024,92.31999969
08-04-2021,48.1,1736,59.52000046,1236.5,92.41999817
09-04-2021,47.5,1750.800049,59.75999832,1207.300049,92.06999969
12-04-2021,43.43333333,1740.800049,59.34999847,1170.400024,92.18000031
13-04-2021,43.63333333,1733.800049,59.63999939,1163.5,92.08000183
14-04-2021,39.96666667,1741.300049,60.43999863,1157.5,91.83000183
15-04-2021,47.16666667,1740.099976,62.83000183,1197.800049,91.62999725
16-04-2021,51.3,1770.400024,63.31999969,1206.199951,91.66000366
19-04-2021,45.26666667,1782.099976,62.97999954,1218.400024,91.54000092
20-04-2021,42.86666667,1769.300049,63.47000122,1199.400024,91.05000305
21-04-2021,49.63333333,1783,62.38999939,1212.199951,91.20999908
22-04-2021,46.7,1794.199951,61.11000061,1209.900024,91.11000061
23-04-2021,47.7,1786.099976,61.65000153,1241.5,91.29000092
26-04-2021,50.53333333,1778,62.06000137,1236.5,90.83000183
27-04-2021,54.8,1780,61.97000122,1246.900024,90.87999725
28-04-2021,52.4,1768.199951,63.04000092,1209.400024,90.90000153
29-04-2021,56.16666667,1781,63.70000076,1195.099976,90.55000305
30-04-2021,46.53333333,1771.800049,64.87999725,1203,90.62999725
03-05-2021,47.56666667,1788.5,63.63999939,1227.900024,91.30000305
04-05-2021,43.46666667,1788.199951,64.52999878,1229.599976,91
05-05-2021,43.03333333,1781.5,66.44999695,1226.599976,91.27999878
06-05-2021,43.93333333,1788.900024,65.26999664,1255.5,91.26999664
07-05-2021,48.16666667,1842.900024,64.90000153,1252.300049,90.87999725
10-05-2021,44.93333333,1835.599976,65.56999969,1263,90.23000336
11-05-2021,42.03333333,1837.199951,64.90000153,1238.699951,90.23999786
12-05-2021,26.76666667,1825.199951,65.45999908,1241,90.19000244
13-05-2021,34.43333333,1814.699951,65.75,1204.599976,90.75
14-05-2021,36,1824.5,63.83000183,1220.800049,90.76000214
17-05-2021,36.36666667,1849.900024,65.5,1242.5,90.30000305
18-05-2021,34.03333333,1870.5,66.33000183,1223.400024,90.18000031
19-05-2021,32.33333333,1866.400024,65.27999878,1195,89.77999878
20-05-2021,32.3,1865.5,63.38999939,1203.199951,90.20999908
21-05-2021,29.43333333,1872.099976,61.88999939,1167.800049,89.77999878
24-05-2021,29.5,1882.099976,63.86999893,1175.800049,90.02999878
25-05-2021,26.66666667,1882.5,66.01999664,1195.099976,89.84999847
26-05-2021,28.13333333,1901.300049,66.04000092,1198.400024,89.69000244
27-05-2021,30.3,1896.800049,66.16000366,1172.300049,90.08000183
28-05-2021,31.56666667,1897.5,66.94999695,1180.800049,90.02999878
01-06-2021,35.4,1905.099976,66.68000031,1198.400024,89.80999756
02-06-2021,42.13333333,1899.199951,67.98999786,1191.400024,89.91999817
03-06-2021,40.8,1908.800049,68.76000214,1161.300049,89.93000031
04-06-2021,41.9,1869.300049,68.91000366,1163.199951,90.47000122
07-06-2021,44.46666667,1890.5,69.51999664,1173.599976,90.12999725
08-06-2021,46.46666667,1896.5,69.29000092,1161.599976,89.98999786
09-06-2021,48.53333333,1894.900024,70.01000214,1150.599976,90.12999725
10-06-2021,48.9,1887.699951,69.76000214,1144.800049,90.13999939
11-06-2021,51.23333333,1900.900024,70.09999847,1149.900024,90.06999969
14-06-2021,54.16666667,1866.199951,70.65000153,1164.099976,90.51000214
15-06-2021,52.66666667,1866.400024,71.16000366,1147.599976,90.48000336
16-06-2021,44.8,1859.400024,72.44999695,1141,90.54000092
17-06-2021,42.03333333,1811.800049,71.65000153,1054.300049,91.43000031
18-06-2021,31.6,1775.699951,71.09999847,1040.099976,91.87999725
21-06-2021,32.46666667,1768.800049,71.51999664,1049.699951,92.31999969
22-06-2021,32.8,1783.400024,73.41000366,1069.300049,91.87999725
23-06-2021,33.26666667,1780.699951,72.91000366,1085.699951,91.73000336
24-06-2021,36.9,1778.900024,73.27999878,1093.099976,91.80000305
25-06-2021,41.63333333,1777.699951,73.31999969,1102.800049,91.83000183
28-06-2021,41.43333333,1779.599976,73.98999786,1096.900024,91.80999756
29-06-2021,39.83333333,1776.800049,72.77999878,1091.300049,91.87999725
30-06-2021,38,1761.099976,73.47000122,1057,92.08000183
01-07-2021,38.66666667,1775.699951,73.5,1063.199951,92.34999847
02-07-2021,38.66666667,1778.699951,75.01999664,1082.599976,92.56999969
06-07-2021,33.3,1786.699951,75.34999847,1094,92.23999786
07-07-2021,33.1,1798.699951,73.84999847,1087.199951,92.52999878
08-07-2021,26.96666667,1797,72.16999817,1069.900024,92.69999695
09-07-2021,31,1803.599976,73.26000214,1072.099976,92.36000061
12-07-2021,31.7,1802.599976,74.73999786,1099.800049,92.09999847
13-07-2021,31.26666667,1808.099976,74.18000031,1109.800049,92.23000336
14-07-2021,29.53333333,1813.099976,75.16999817,1105.900024,92.80000305
15-07-2021,27.33333333,1831.599976,72.95999908,1142.900024,92.40000153
16-07-2021,26.9,1830.099976,71.48000336,1110,92.58999634
19-07-2021,8.983333333,1803.300049,71.48999786,1092.800049,92.70999908
20-07-2021,20.06666667,1812.900024,66.59999847,1076.599976,92.87999725
21-07-2021,24.2,1807,66.44999695,1073.599976,92.97000122
22-07-2021,24.33333333,1793.599976,70.22000122,1088.800049,92.80000305
23-07-2021,28.3,1800,71.70999908,1059.599976,92.80999756
26-07-2021,30.9,1802.5,72.18000031,1060.5,92.91000366
27-07-2021,27.16666667,1803.699951,72.22000122,1059.800049,92.62999725
28-07-2021,27.46666667,1799.5,71.90000153,1056.099976,92.45999908
29-07-2021,29.23333333,1806.599976,72.40000153,1071.199951,92.26999664
30-07-2021,25.76666667,1828,73.41000366,1046.900024,91.84999847
02-08-2021,25.1,1812.400024,73.91000366,1054.900024,92.08999634
03-08-2021,29.53333333,1812.300049,71.51999664,1045.800049,92.05999756
04-08-2021,28.63333333,1809.300049,70.31999969,1020.400024,92.04000092
05-08-2021,29.63333333,1810.800049,68.05999756,1010.900024,92.27999878
06-08-2021,31.86666667,1799.800049,69.13999939,972.2999878,92.26999664
09-08-2021,32.06666667,1753.5,67.87999725,965.0999756,92.77999878
10-08-2021,34.83333333,1728.599976,66.84999847,987.2000122,92.98000336
11-08-2021,37.93333333,1727.300049,68.51000214,1015.5,93.06999969
12-08-2021,43.13333333,1749.699951,69.36000061,1017.299988,92.88999939
13-08-2021,47.13333333,1758.300049,68.91000366,1025.5,92.97000122
16-08-2021,44.86666667,1776.900024,68.12999725,1020.5,92.51999664
17-08-2021,31.7,1787.699951,67.43000031,993.4000244,92.62000275
18-08-2021,18.2,1787.800049,66.58000183,995.7999878,93.13999939
19-08-2021,14.88333333,1780,64.58000183,970.5999756,93.13999939
20-08-2021,23.86666667,1784.099976,64.05000305,993.5,93.55999756
23-08-2021,30.43333333,1776.800049,61.95999908,1013.400024,93.45999908
24-08-2021,34.4,1801,65.54000092,1009.400024,92.98999786
25-08-2021,36.03333333,1792,67.62999725,992.7999878,92.87999725
26-08-2021,36.83333333,1787.400024,68,975,92.83000183
27-08-2021,47.46666667,1803.400024,67.75,1005.799988,93.02999878
30-08-2021,47.86666667,1818.199951,69.30000305,1010,92.68000031
31-08-2021,47.23333333,1815.900024,69.18000031,1006.5,92.70999908
01-09-2021,43.13333333,1813.5,68.55000305,1001.700012,92.66000366
02-09-2021,44.16666667,1813.199951,68.29000092,993.9000244,92.51000214
03-09-2021,44.06666667,1820.900024,69.76000214,1021.200012,92.22000122
07-09-2021,41.7,1825.699951,69.11000061,995.4000244,92.19999695
08-09-2021,38.56666667,1781.699951,68.37000275,975.2999878,92.54000092
09-09-2021,33.8,1798.699951,69.36000061,973.7999878,92.70999908
10-09-2021,20.6,1789.599976,67.97000122,969,92.52999878
13-09-2021,28.26666667,1789.800049,69.73999786,955,92.61000061
14-09-2021,24.8,1791.400024,70.63999939,939.0999756,92.62000275
15-09-2021,31.2,1803.699951,70.76000214,932.4000244,92.68000031
16-09-2021,31.5,1792.900024,72.65000153,925.2000122,92.45999908
17-09-2021,17.93333333,1758.800049,72.62000275,932.5,92.87999725
20-09-2021,11.1,1751.800049,71.91999817,912,93.25
21-09-2021,11.45,1762.199951,70.58999634,951.9000244,93.23999786
22-09-2021,20.03333333,1776.699951,70.84999847,983.5,93.23000336
23-09-2021,24.5,1766.800049,71.97000122,997.2000122,93.48000336
24-09-2021,23.83333333,1749.699951,73.23999786,980.9000244,93.06999969
27-09-2021,24.76666667,1751.699951,74.19000244,985.7000122,93.27999878
28-09-2021,12.46666667,1739.599976,75.43000031,960.5999756,93.41000366
29-09-2021,12.48333333,1732.400024,74.37999725,962.0999756,93.72000122
30-09-2021,9.966666667,1725.5,74.77999878,946.5999756,94.34999847
01-10-2021,18.33333333,1754.300049,75.12000275,957.7000122,94.30999756
04-10-2021,9.5,1764.5,75.90000153,960,94.06999969
05-10-2021,18.76666667,1764.300049,77.58000183,963.7999878,93.83000183
06-10-2021,20.06666667,1759.300049,79.04000092,957.2999878,93.98999786
07-10-2021,24.6,1762.400024,77,986.0999756,94.23000336
08-10-2021,25.26666667,1757,78.86000061,1012.799988,94.20999908
11-10-2021,25.9,1756.599976,79.58999634,1004.900024,94.09999847
12-10-2021,22.7,1751.900024,80.5,1010.200012,94.37000275
13-10-2021,24.1,1760.800049,80.58000183,1022.299988,94.51999664
14-10-2021,31.83333333,1792.199951,80.58999634,1033.5,94.01999664
15-10-2021,43.63333333,1794.5,81.48000336,1057.300049,94.02999878
18-10-2021,46.56666667,1761.599976,82.59999847,1035.900024,93.94999695
19-10-2021,53.4,1777.599976,82.37000275,1044.599976,93.94999695
20-10-2021,56.56666667,1774.599976,83.33999634,1041.099976,93.80999756
21-10-2021,60.2,1782,83.58000183,1039,93.58000183
22-10-2021,59.5,1787.099976,82.61000061,1064.300049,93.75
25-10-2021,62.96666667,1794.300049,83.98000336,1059.699951,93.66000366
26-10-2021,63.03333333,1808.800049,83.72000122,1032.199951,93.83999634
27-10-2021,58.33333333,1791.5,84.38999939,1018,93.97000122
28-10-2021,64.4,1795.5,82.25,1018.400024,93.87999725
29-10-2021,65.43333333,1793.099976,83.08999634,1019.599976,93.36000061
01-11-2021,66.13333333,1787.5,83.36000061,1066.300049,94.12999725
02-11-2021,68.26666667,1790.5,83.87000275,1038.199951,93.93000031
03-11-2021,72.2,1768,83.06999969,1021.299988,94.12000275
04-11-2021,72.43333333,1776.599976,80.18000031,1028.199951,93.86000061
05-11-2021,73.6,1794.900024,79.37000275,1034.699951,94.33999634
08-11-2021,74.53333333,1817,81.12999725,1058.900024,94.25
09-11-2021,77.17142857,1826.099976,82.16000366,1060.199951,94.08999634
10-11-2021,73.08571429,1825.800049,84.52999878,1075.800049,93.98000336
11-11-2021,72.22857143,1853.900024,81.41000366,1093.300049,94.83999634
12-11-2021,74,1860.800049,81.20999908,1088.099976,95.18000031
15-11-2021,71.62857143,1864.5,80.66000366,1095.800049,95.12000275
16-11-2021,72.48571429,1853.599976,80.93000031,1073,95.47000122
17-11-2021,69.2,1862.599976,80.54000092,1067.699951,95.94000244
18-11-2021,70.14285714,1861,78.33999634,1055,95.80000305
19-11-2021,62.77142857,1851.199951,78.76000214,1034.599976,95.58999634
22-11-2021,60,1841.599976,75.75,1030,96.06999969
23-11-2021,60.37142857,1795.5,76.45999908,1002,96.45999908
24-11-2021,56.94285714,1793,78.48000336,974.2999878,96.52999878
26-11-2021,31.25714286,1791.099976,78.33999634,953.4000244,96.72000122
29-11-2021,38.11428571,1791.699951,69.23000336,962.7999878,96.13999939
30-11-2021,24.77142857,1783.900024,70.04000092,926.5999756,96.22000122
01-12-2021,25.35714286,1774.800049,67.01000214,934.5,95.94000244
02-12-2021,22.92857143,1780.900024,65.62999725,932.4000244,96.06999969
03-12-2021,20.15714286,1767.5,67.5,925.5,96.12000275
06-12-2021,21.25714286,1780.199951,67.01999664,935.9000244,96.15000153
07-12-2021,37.88571429,1779.5,69.72000122,949.2999878,96.30000305
08-12-2021,41.31428571,1789.900024,71.86000061,955.2000122,96.26000214
09-12-2021,36.85714286,1783.5,72.51999664,937.2999878,95.95999908
10-12-2021,42,1773.800049,70.68000031,933.7999878,96.22000122
13-12-2021,35.4,1784.400024,72.04000092,924.0999756,96.05000305
14-12-2021,31.54285714,1787,71.12000275,910.2999878,96.34999847
15-12-2021,37.8,1767.400024,70.34999847,893.5999756,96.55000305
16-12-2021,33.57142857,1781,71.48000336,928.2999878,96.43000031
17-12-2021,32.51428571,1804,71.91999817,933.9000244,96
20-12-2021,29.42857143,1796.800049,70.06999969,911.7000122,96.66999817
21-12-2021,34.02857143,1791.400024,69.20999908,927.5,96.54000092
22-12-2021,39.54285714,1786,71.26999664,968.0999756,96.47000122
23-12-2021,50.48571429,1806,73.02999878,974.5999756,96.02999878
27-12-2021,56.4,1810,73.37999725,968.9000244,96.15000153
28-12-2021,62.97142857,1812,75.97000122,979.0999756,96.06999969
29-12-2021,64.02857143,1803.199951,76.04000092,968.2000122,96.15000153
30-12-2021,63.97142857,1801.699951,76.58000183,967.2999878,95.88999939
31-12-2021,62.54285714,1825.099976,76.66000366,962.5,95.98999786
03-01-2022,65.22857143,1830.099976,75.69000244,978.2000122,95.66999817
04-01-2022,64.25714286,1800.5,76.01999664,950.9000244,96.19000244
05-01-2022,51.02857143,1813.099976,77.18000031,980,96.30999756
06-01-2022,52.14285714,1787.099976,77.23999786,964,96.19999695
07-01-2022,49.25714286,1791.800049,79.62000275,970.2000122,96.26000214
10-01-2022,51.14285714,1794.900024,78.87999725,924,95.73999786
11-01-2022,56.11428571,1803.900024,78.41999817,947.5,95.93000031
12-01-2022,55.94285714,1819,81.37999725,964.7000122,95.58000183
13-01-2022,52.17142857,1819.800049,82.81999969,971.9000244,94.98999786
14-01-2022,55.8,1821.5,81.73000336,964.4000244,94.87000275
18-01-2022,53.71428571,1816.800049,84.31999969,971.5999756,95.22000122
19-01-2022,44.82857143,1817.400024,86.61000061,1027.099976,95.76999664
20-01-2022,39.14285714,1840.599976,86.23000336,1053.400024,95.58999634
21-01-2022,26.72857143,1838,84.56999969,1036.400024,95.80999756
24-01-2022,23.12857143,1837.900024,84.91000366,1019,95.63999939
25-01-2022,20.88571429,1843,84.15000153,1021.400024,95.93000031
26-01-2022,19.51428571,1829.900024,85.26000214,1046.099976,95.95999908
27-01-2022,18.6,1793.300049,87.15000153,1021.700012,96.55000305
28-01-2022,23.85714286,1797.5,87.5,1027.5,97.25
31-01-2022,29.2,1788.5,87.44999695,1019.200012,97.22000122
01-02-2022,30.8,1797.199951,88.15000153,1021.799988,96.69999695
02-02-2022,28.8,1797.800049,88.34999847,1042.300049,96.26999664
03-02-2022,26.05714286,1805.800049,87.98000336,1028.900024,96.01999664
04-02-2022,27.6,1806,90.19000244,1022.799988,95.30999756
07-02-2022,27.91428571,1812.199951,91.81999969,1018.900024,95.48000336
08-02-2022,28.94285714,1818.900024,91.63999939,1035.199951,95.43000031
09-02-2022,32.65714286,1825.400024,89.86000061,1036,95.58999634
10-02-2022,33.6,1833.300049,90.01000214,1041.099976,95.56999969
11-02-2022,28.48571429,1822,90,1017.299988,95.94000244
14-02-2022,25.68571429,1861.800049,93.91000366,1026.599976,96.02999878
15-02-2022,29.97142857,1872.599976,94.83000183,1019,96.23999786
16-02-2022,32.08571429,1858.699951,92.20999908,1059,96.01000214
17-02-2022,32.45714286,1876.300049,90.90000153,1091.199951,95.76999664
18-02-2022,29.51428571,1899.400024,91.62999725,1075.300049,95.83000183
22-02-2022,28.77142857,1908.099976,91.75,1084.5,96.08000183
23-02-2022,18.81428571,1896.599976,91.73999786,1090.099976,96.04000092
24-02-2022,21.22857143,1911.900024,92.51999664,1060.400024,96.22000122
25-02-2022,28.14285714,1906.900024,93.31999969,1048.900024,97
28-02-2022,25.47142857,1928.300049,94.98999786,1063.900024,96.54000092
01-03-2022,22.97142857,1908.300049,96.08999634,1051.099976,96.76999664
02-03-2022,17.82857143,1945.599976,107.1200027,1056.199951,97.37000275
03-03-2022,21.72857143,1930.5,111.3300018,1080.099976,97.47000122
04-03-2022,18.17142857,1937,107.9599991,1116.099976,98.04000092
07-03-2022,16.9,1989,121.3300018,1148.800049,98.56999969
08-03-2022,16.67142857,1999.400024,120.6699982,1152.5,99.23999786
09-03-2022,18.02857143,2053.600098,124.6600037,1106.699951,99.12000275
10-03-2022,17.95714286,1978.099976,110.4100037,1094.400024,98.05999756
11-03-2022,19.05714286,1985,105.9899979,1087.800049,98.36000061
14-03-2022,17.5,1976.5,109.4199982,1051.5,99.12999725
15-03-2022,21.85714286,1939.800049,102.2799988,1001.799988,99.12999725
16-03-2022,25.25714286,1922.400024,95.23000336,1003.599976,98.88999939
17-03-2022,33.62857143,1933.900024,95.33999634,1030.599976,98.5
18-03-2022,38.42857143,1934.5,103.6200027,1035.199951,98
21-03-2022,40.97142857,1925.400024,105.1299973,1044.400024,98.23999786
22-03-2022,44.54285714,1920.699951,112.9000015,1024.800049,98.48999786
23-03-2022,45.2,1936.599976,108.8499985,1020.700012,98.48000336
24-03-2022,46.91428571,1963.599976,114.4700012,1030.5,98.63999939
25-03-2022,49.37142857,1953.800049,111.75,1007.799988,98.75
28-03-2022,51.25714286,1932.599976,112.9199982,990.4000244,98.80999756
29-03-2022,52.71428571,1893.5,103.4700012,972.2999878,99.08000183
30-03-2022,52.8,1918.400024,105.2399979,982.2000122,98.37000275
31-03-2022,59.2,1933.5,107.4499969,995.4000244,97.83000183
01-04-2022,59.8,1935,101.2300034,992.7999878,98.33999634
04-04-2022,61.65714286,1921.199951,98.94999695,985,98.56999969
05-04-2022,47.91428571,1927.099976,103.6600037,979.2999878,99
06-04-2022,46.4,1916.699951,101.2399979,960.2999878,99.47000122
07-04-2022,46.82857143,1919.5,97.16000366,953,99.65000153
08-04-2022,46.08571429,1928.800049,97.16999817,983.7000122,99.81999969
11-04-2022,43.4,1946.599976,98.40000153,978.7000122,99.83999634
12-04-2022,42.05714286,1952.5,95.16999817,960.2000122,100.0400009
13-04-2022,41.8,1969.5,100.9100037,970,100.3399963
14-04-2022,39.85714286,1977.199951,104.1999969,986.2999878,99.79000092
18-04-2022,37.6,1973.400024,107.0299988,1012.599976,100.5
19-04-2022,39.62857143,1973.800049,107.75,1016.200012,100.8300018
20-04-2022,43.31428571,1945.5,103.0500031,982.7999878,100.9800034
21-04-2022,38.94285714,1942.5,102.5,965.2999878,100.3499985
22-04-2022,31.62857143,1949.599976,104.0699997,958.9000244,100.6200027
25-04-2022,29.97142857,1925,101.3799973,903.7000122,101.1200027
26-04-2022,17.9,1900.5,98.63999939,912.7000122,101.7300034
27-04-2022,16.27142857,1897.800049,101.7600021,910.0999756,102.2799988
28-04-2022,24.25714286,1883.800049,102.1100006,906.5999756,103.0400009
29-04-2022,14.32857143,1902.699951,105.1699982,922.2000122,103.6699982
02-05-2022,13.27142857,1896.699951,104,930.5999756,103.2099991
03-05-2022,30.48571429,1868.800049,105.0800018,956.5,103.5999985
04-05-2022,22.4,1867,103.5,978.2000122,103.4599991
05-05-2022,13.12857143,1897,107.5800018,971.7999878,102.6800003
06-05-2022,12.24285714,1874.699951,108.6999969,954.5999756,103.5599976
09-05-2022,8.185714286,1866.599976,110.4300003,938.5,103.6600037
10-05-2022,7.4,1839.900024,102.6500015,958.7999878,103.7300034
11-05-2022,4.028571429,1841.5,99,995.7000122,103.9000015
12-05-2022,3.2,1849.800049,105.6299973,936.9000244,104.0100021
13-05-2022,11.28571429,1825,106.6500015,936.4000244,104.7699966
16-05-2022,11.74285714,1790.5,110.9800034,929,104.4700012
17-05-2022,15.2,1824.900024,113.8700027,947.0999756,104.1699982
18-05-2022,6.6,1815,113.6600037,927.9000244,103.3399963
19-05-2022,13.71428571,1810.900024,109.0899963,957.5,103.8300018
20-05-2022,12.65714286,1839.099976,111.4499969,946.2000122,102.9000015
23-05-2022,17.88571429,1846.300049,110.5599976,955.5,103.0299988
24-05-2022,16,1852.5,110.4100037,946.7999878,102.1100006
25-05-2022,17.57142857,1846.199951,110.3899994,933.4000244,101.7699966
26-05-2022,24.11428571,1840.400024,110.6900024,941.5,102.0199966
27-05-2022,29.54285714,1848.300049,114.1999969,944.5,101.7200012
31-05-2022,40.05714286,1850.300049,114.9599991,969.2999878,101.4400024
01-06-2022,40.6,1831,115.4000015,997.2000122,101.7600021
02-06-2022,44.82857143,1845.400024,114.8000031,1029.199951,102.5500031
03-06-2022,35.45714286,1867.599976,117.5500031,1017.200012,101.75
06-06-2022,42.8,1849,120.8199997,1030.800049,102.1699982
07-06-2022,45.62857143,1836.900024,119.0999985,1013.700012,102.4899979
08-06-2022,48.11428571,1844.800049,119.7900009,1012.400024,102.3899994
09-06-2022,47.05714286,1846.099976,122.4300003,976.7000122,102.5599976
10-06-2022,40,1842.699951,121.4599991,971.7999878,103.3399963
13-06-2022,25.08571429,1873.800049,120.1900024,933.0999756,104.2099991
14-06-2022,20.52857143,1825,121.0899963,911.5,105.1900024
15-06-2022,29.25714286,1814.099976,119.0699997,925.4000244,105.3499985
16-06-2022,17.7,1819.199951,115.9800034,951.9000244,104.9000015
17-06-2022,16.92857143,1853.699951,117.0800018,931,103.8799973
21-06-2022,19.72857143,1835.300049,110.5800018,940,104.4400024
22-06-2022,26.88571429,1829.5,109.5400009,927.4000244,104.4300003
23-06-2022,26.74285714,1835.5,104.4199982,904.9000244,104.2099991
24-06-2022,30.85714286,1820.5,103.9899979,904.5,104.3799973
27-06-2022,30.77142857,1830.5,107.2200012,904.9000244,104.1200027
28-06-2022,28.14285714,1824.199951,110.1800003,911.2000122,103.9700012
29-06-2022,26.54285714,1818.300049,111.8600006,908.7999878,104.4599991
30-06-2022,24.37142857,1809.599976,109.6999969,912.7999878,105.0599976
01-07-2022,24.57142857,1795.5,106.0100021,880,104.7799988
05-07-2022,22.17142857,1805.400024,108.8000031,890.9000244,105.1399994
06-07-2022,22.82857143,1762.5,100.3600006,853.0999756,106.4899979
07-07-2022,27.6,1745.199951,98.22000122,882,107.0699997
08-07-2022,31.34285714,1738.099976,102.2200012,872.5,107.0400009
11-07-2022,30.37142857,1732.5,104.7900009,872.2000122,106.9199982
12-07-2022,30.31428571,1734.199951,103.4599991,839.7000122,108.1800003
13-07-2022,27.28571429,1710,95.88999939,849.9000244,108.1900024
14-07-2022,26.51428571,1710.300049,96.56999969,830.5999756,108.1999969
15-07-2022,33.28571429,1705.400024,96.38999939,845,108.6699982
18-07-2022,35.88571429,1712.199951,97.26999664,864.7999878,107.9800034
19-07-2022,39.31428571,1712.300049,102,880.2999878,107.4899979
20-07-2022,44.08571429,1707.099976,103.5999985,855,106.6699982
21-07-2022,48.2,1687,99.91000366,857.0999756,107.0899963
22-07-2022,42.42857143,1713.300049,96.51000214,861.2000122,106.5899963
25-07-2022,42.2,1727,95.09999847,864.2999878,106.5500031
26-07-2022,42,1718,96.33000183,859.0999756,106.4499969
27-07-2022,46.62857143,1719.099976,95.59999847,871.7999878,107.1299973
28-07-2022,48.48571429,1732.300049,98.16999817,884.2999878,106.3700027
29-07-2022,52.4,1754,97.30000305,887.5999756,106.2099991
01-08-2022,59.08571429,1763.900024,98.45999908,896.7000122,105.8300018
02-08-2022,57.37142857,1772.099976,93.75,900.0999756,105.3600006
03-08-2022,60.25714286,1756.699951,93.83000183,885.5999756,106.4300003
04-08-2022,61.51428571,1769.400024,90.94999695,922.4000244,106.4800034
05-08-2022,63.31428571,1791.199951,88.05999756,921.9000244,105.7200012
08-08-2022,64.74285714,1771.800049,88.45999908,937.2999878,106.5800018
09-08-2022,64.45714286,1790,90.69000244,931.9000244,106.3399963
10-08-2022,65.11428571,1804.400024,90.51000214,945,106.3399963
11-08-2022,65.82857143,1794.300049,91.55000305,958.2999878,105.2099991
12-08-2022,68.02857143,1786.300049,94.08999634,958.2999878,105.1600037
15-08-2022,66.82857143,1799,91.94000244,932.5,105.6699982
16-08-2022,67.94285714,1777.400024,87.93000031,929.9000244,106.4800034
17-08-2022,67.14285714,1769.699951,87.09999847,918,106.4499969
18-08-2022,66.37142857,1762.900024,87.38999939,903.5999756,106.6800003
19-08-2022,63.71428571,1753.699951,90.38999939,886.9000244,107.5
22-08-2022,60.31428571,1740.5,89.65000153,866.9000244,108.0999985
23-08-2022,57.42857143,1738,90.55000305,875.2999878,109
24-08-2022,57.51428571,1745,93.77999878,872,108.5199966
25-08-2022,58.25714286,1761.599976,95.34999847,873.2999878,108.6299973
26-08-2022,55.74285714,1754,93.05999756,854.5999756,108.4700012
29-08-2022,54.28571429,1732.400024,92.95999908,853.5,108.8399963
30-08-2022,49.8,1736.400024,96.90000153,830.5999756,108.6999969
31-08-2022,52.08571429,1718.300049,92.30999756,826.4000244,108.75
01-09-2022,49.37142857,1707.900024,88.83000183,804,108.8399963
02-09-2022,42.45714286,1703.400024,86.55999756,809.7999878,109.6399994
06-09-2022,40.62857143,1709.699951,86.83999634,832.7000122,109.5999985
07-09-2022,39.62857143,1694.800049,86.93000031,846,110.3199997
08-09-2022,40.37142857,1718.199951,81.91000366,865.2000122,109.6699982
09-09-2022,43.8,1719.199951,82.80000305,876,109.5400009
12-09-2022,47.6,1727.400024,86.25,903.2999878,108.5999985
13-09-2022,36.62857143,1720.5,88.08999634,882.7999878,108.2300034
14-09-2022,41.88571429,1698.699951,87.94000244,904.5,109.9300003
15-09-2022,40.65714286,1685.5,88.91000366,905,109.6100006
16-09-2022,35.28571429,1660.400024,85.16000366,900.5,109.8000031
19-09-2022,36.31428571,1661.800049,85.20999908,918,109.6399994
20-09-2022,36.11428571,1659.699951,85.61000061,922,109.5800018
21-09-2022,27.21428571,1665.5,84.25,915.9000244,110.1600037
22-09-2022,24.48571429,1668.300049,83.06999969,905.7999878,111.4800034
23-09-2022,21.68571429,1667,83.54000092,859.2999878,111.2399979
26-09-2022,17.62857143,1623.300049,79.23000336,849.9000244,113.0199966
27-09-2022,16.51428571,1632.199951,76.47000122,847.9000244,114.0199966
28-09-2022,17.02857143,1620.400024,78.08000183,871.0999756,114.1900024
29-09-2022,13.25714286,1657,81.90000153,870.5,113.0100021
30-09-2022,16.45714286,1661.699951,81.73999786,869,111.75
03-10-2022,20.38571429,1667.199951,81.01999664,895,112.1699982
04-10-2022,27.88571429,1701.199951,83.22000122,911.2999878,111.5899963
05-10-2022,29.71428571,1724.099976,86.37000275,946.4000244,110.2300034
06-10-2022,23.14285714,1721,88.08000183,931.7000122,111.0199966
07-10-2022,19.67142857,1710.099976,88.93000031,945,112.25
10-10-2022,19.4,1693.400024,93.48000336,913.2000122,112.75
11-10-2022,16.88571429,1661.800049,91.13999939,902.7999878,113.0800018
12-10-2022,15.94285714,1668,88.66999817,891.4000244,113.3099976
13-10-2022,19.37142857,1675.199951,87.08000183,890,113.2399979
14-10-2022,16.45714286,1665.300049,89.26999664,916.7999878,112.4700012
17-10-2022,23.4,1650.199951,85.58999634,924,113.2200012
18-10-2022,28.8,1651.400024,85.69999695,924.5999756,112.0699997
19-10-2022,29.42857143,1637.5,83.69000244,891.5,111.9199982
20-10-2022,39.08571429,1622.800049,85.94000244,939.9000244,112.9899979
21-10-2022,43.74285714,1634.099976,85.06999969,954.5999756,112.9400024
24-10-2022,47.22857143,1662.699951,85.23999786,947.2999878,111.8799973
25-10-2022,51.37142857,1648.199951,84.87999725,934.0999756,111.8199997
26-10-2022,53.8,1649.800049,85.06999969,960.2999878,110.9599991
27-10-2022,54.57142857,1660.699951,88.26000214,987.4000244,109.6200027
28-10-2022,57.11428571,1661,88.66999817,958.4000244,110.5
31-10-2022,64.05714286,1641.800049,88.38999939,939.4000244,110.6699982
01-11-2022,63.51428571,1630.800049,86.43000031,959.7999878,111.5199966
02-11-2022,55.28571429,1650.800049,88.62000275,960.2000122,111.5400009
03-11-2022,55.51428571,1629.199951,89.34999847,933.4000244,112.1699982
04-11-2022,56.51428571,1630.199951,87.90000153,969.7999878,112.9700012
07-11-2022,59.65714286,1676.900024,91,998.7000122,110.7900009
08-11-2022,57.94285714,1703.199951,91.87000275,1023.799988,110.0599976
09-11-2022,54,1707.400024,88.56999969,1006.599976,109.6500015
10-11-2022,60.34285714,1708.199951,85.84999847,1064.300049,110.3000031
11-11-2022,63.74285714,1763.800049,86.26999664,1047.400024,108.2399979
14-11-2022,62.68571429,1762,89.01999664,1042.300049,106.4800034
15-11-2022,66.91428571,1770.800049,85.25,1031.699951,107
16-11-2022,65.08571429,1776.599976,86.88999939,1025.5,106.5800018
17-11-2022,61.48571429,1763,85.22000122,1000.799988,106.2699966
18-11-2022,60.34285714,1763.300049,82.08999634,1002,106.6900024
21-11-2022,60.97142857,1739,80.30000305,1005.599976,106.9700012
22-11-2022,60.8,1741.699951,80.22000122,1013.400024,107.6999969
23-11-2022,64.25714286,1736.5,81.08000183,1014.5,107.0800018
25-11-2022,63.08571429,1753,77.51000214,1005.5,105.9599991
28-11-2022,59.74285714,1741.300049,75.93000031,1017,106.0599976
29-11-2022,58.17142857,1739.5,76.54000092,1021.599976,106.5699997
30-11-2022,73.97142857,1748.099976,79,1052.300049,106.7200012
01-12-2022,75.6,1768.699951,80.40000153,1067.900024,105.6999969
02-12-2022,68.14285714,1802,81.47000122,1039.599976,104.8199997
05-12-2022,65.08571429,1795.699951,79.98999786,1020.5,104.5100021
06-12-2022,61.82857143,1768.599976,77.34999847,1008.400024,105.1600037
07-12-2022,58.42857143,1769.300049,74.55000305,1024.5,105.6299973
08-12-2022,55.68571429,1782,72.37999725,1027.599976,105.1999969
09-12-2022,52.08571429,1794.900024,71.84999847,1049.199951,104.8600006
12-12-2022,57.2,1787.300049,71.79000092,1021,104.9300003
13-12-2022,59.17142857,1780.699951,73.29000092,1051.900024,104.9899979
14-12-2022,60.94285714,1810.800049,75.26999664,1051.699951,104.0699997
15-12-2022,60.14285714,1801,77.37000275,1026.199951,103.6699982
16-12-2022,44.14285714,1777.900024,76.37000275,1013,104.4499969
19-12-2022,39.97142857,1791.599976,74.5,1000.700012,104.8399963
20-12-2022,38.31428571,1786.5,75.69999695,1026,104.7300034
21-12-2022,38.54285714,1817.400024,75.98999786,1015,103.9499969
22-12-2022,37,1818.099976,78.43000031,997.5999756,104.2200012
23-12-2022,39.51428571,1794.300049,78.18000031,1042.599976,104.3899994
27-12-2022,39.94285714,1803.400024,79.90000153,1042.699951,104.1200027
28-12-2022,35.51428571,1803.199951,79.88999939,1029.800049,104.3300018
29-12-2022,37.14285714,1805.800049,78.81999969,1013.299988,104.3700027
30-12-2022,36.51428571,1817,78.73000336,1055.800049,103.9499969
03-01-2023,36.6,1836.199951,80.56999969,1078.699951,103.6600037
04-01-2023,39.85714286,1845.599976,77.25,1100,104.5800018
05-01-2023,44.17142857,1855.199951,73.25,1079,104.0699997
06-01-2023,45.71428571,1838.400024,73.97000122,1063.800049,105.0500031
09-01-2023,47.2,1867,73.47000122,1093.699951,103.9100037
10-01-2023,49.65714286,1877.800049,74.86000061,1078,103.2900009
11-01-2023,54.22857143,1873.099976,74.77999878,1080,103.2200012
12-01-2023,56.68571429,1877.199951,77.69999695,1068,103.0599976
13-01-2023,61.31428571,1899,78.31999969,1067.300049,102.2099991
17-01-2023,64.14285714,1920.099976,80.09999847,1056,102.3199997
18-01-2023,58.42857143,1911.099976,80.97000122,1052.699951,102.4700012
19-01-2023,55.42857143,1922.099976,79.13999939,1042,102.3799973
20-01-2023,58.54285714,1922.099976,80.59999847,1028.5,102.0800018
23-01-2023,63.6,1926.5,81.79000092,1046.699951,101.9899979
24-01-2023,63,1931.800049,81.62000275,1057.699951,101.9899979
25-01-2023,63.88571429,1941.199951,80.26000214,1040.400024,102.0100021
26-01-2023,68.02857143,1936.599976,80.48000336,1013.599976,101.5800018
27-01-2023,69.2,1928.599976,81.22000122,1007.400024,101.7200012
30-01-2023,67.45714286,1928.300049,80.04000092,1011.400024,101.9199982
31-01-2023,70.34285714,1923,77.91000366,1012,102.1900024
01-02-2023,82.17142857,1927.199951,79.05999756,992.5999756,102.0999985
02-02-2023,75.2,1952.300049,76.79000092,1023.5,100.8499985
03-02-2023,76.14285714,1912.400024,75.91999817,971.7999878,101.8300018
06-02-2023,75.91428571,1865.599976,73.23000336,966.0999756,103.0100021
07-02-2023,76.34285714,1870,74.56999969,977.7000122,103.5400009
08-02-2023,74.62857143,1872.099976,77.48999786,978.7000122,103.2699966
09-02-2023,72.62857143,1875.300049,78.44999695,957.9000244,103.4300003
10-02-2023,72.48571429,1861.599976,77.68000031,957.5,103.2600021
13-02-2023,71.82857143,1859,79.94000244,953.2999878,103.5800018
14-02-2023,73.25714286,1854.099976,79.05999756,933.0999756,103.2200012
15-02-2023,73.65714286,1842,78.83000183,911.7000122,103.2099991
16-02-2023,70.71428571,1838.599976,78.54000092,903.4000244,103.8799973
17-02-2023,69.48571429,1827.400024,78.06999969,915,104.1999969
21-02-2023,65.91428571,1842.599976,76.52999878,942.7000122,103.9100037
22-02-2023,64.17142857,1835.699951,76.11000061,947.4000244,104.1299973
23-02-2023,62.65714286,1826.400024,73.91999817,939.5999756,104.5
24-02-2023,60.65714286,1808.800049,75.59999847,902,104.5599976
27-02-2023,61.22857143,1811.599976,76.41999817,941.5999756,105.2600021
28-02-2023,61.2,1808.099976,75.76000214,955.2000122,104.6299973
01-03-2023,65.91428571,1827.099976,76.84999847,961.5,105.0400009
02-03-2023,52.45714286,1830,77.73999786,962.9000244,104.3899994
03-03-2023,55.68571429,1837.300049,77.88999939,977.2000122,104.9400024
06-03-2023,55.25714286,1853.300049,79.91999817,976.0999756,104.5299988
07-03-2023,48.51428571,1840.900024,80.5,933.4000244,104.3000031
08-03-2023,49.82857143,1811.599976,77.31999969,938.0999756,105.6699982
09-03-2023,37.54285714,1816.400024,76.5,946.7999878,105.6200027
10-03-2023,26.88571429,1852.300049,75.65000153,959.7000122,105.1299973
13-03-2023,23.35714286,1890.800049,76.59999847,1002.5,104.3899994
14-03-2023,25.08571429,1912.199951,74.69999695,994.9000244,103.6699982
15-03-2023,22.68571429,1903.900024,71.55999756,967.9000244,103.7399979
16-03-2023,32.57142857,1909.900024,68.22000122,974.7000122,104.6200027
17-03-2023,27,1946,68.26000214,976.7000122,104.4100037
20-03-2023,30.42857143,1988.300049,66.62000275,994.9000244,103.8600006
21-03-2023,43.48571429,1973.800049,67.62000275,974.7999878,103.3099976
22-03-2023,41.02857143,1946.800049,69.48000336,985.0999756,103.1999969
23-03-2023,38.34285714,1990.5,69.94999695,991,102.5
24-03-2023,37.71428571,1991.699951,69.51000214,982,102.5999985
27-03-2023,40.2,1957.199951,69.41999817,975.2000122,103.1200027
28-03-2023,39.6,1972.400024,72.86000061,961.5,102.75
29-03-2023,41.45714286,1966.099976,73.61000061,963.5999756,102.4899979
30-03-2023,45.22857143,1965.900024,72.98000336,967.5,102.6200027
31-03-2023,49.48571429,1981.300049,74.37000275,984.2000122,102.1999969
03-04-2023,61.48571429,1968.099976,80.09999847,985,102.5899963
04-04-2023,50.22857143,1984.599976,80.44000244,986.0999756,102.0100021
05-04-2023,52.62857143,2022.099976,81.01000214,1016.799988,101.5199966
06-04-2023,55.25714286,2022.199951,80.37000275,999.4000244,101.8300018
10-04-2023,57.91428571,2000,80.5,993.0999756,102.0999985
11-04-2023,58.48571429,1991.400024,79.87999725,996.5,102.5199966
12-04-2023,60.74285714,2005.199951,81.44000244,1018,102.1299973
13-04-2023,63.17142857,2015.599976,83.22000122,1043,101.4700012
14-04-2023,65.71428571,2041,82.40000153,1044.599976,101
17-04-2023,67.08571429,2002.699951,82.48000336,1050.400024,101.5800018
18-04-2023,65.48571429,1996.900024,81,1086.5,102.0999985
19-04-2023,67.25714286,2005.699951,80.91999817,1062.300049,101.7099991
20-04-2023,64.05714286,1998,78.87000275,1098.699951,101.9899979
21-04-2023,63.51428571,1996.199951,77.12999725,1129.800049,101.8000031
24-04-2023,63.48571429,1981.300049,77.97000122,1088.800049,101.7200012
25-04-2023,57.05714286,1995.699951,78.73999786,1089.300049,101.2600021
26-04-2023,52.4,1997.800049,77.08000183,1097.099976,101.8199997
27-04-2023,58.31428571,1990.599976,74.37999725,1091.300049,101.4000015
28-04-2023,59.42857143,1986.900024,74.91000366,1088.199951,101.4700012
01-05-2023,59.42857143,1980.099976,76.66000366,1062.800049,101.6699982
02-05-2023,55.51428571,1994.699951,75.76000214,1076.400024,102.1500015
03-05-2023,54.62857143,2017.099976,71.55999756,1059.900024,101.8600006
04-05-2023,49.6,2045,68.16000366,1048.400024,101.1999969
05-05-2023,53.88571429,2046.400024,68.69999695,1066.400024,101.3399963
08-05-2023,57.14285714,2022.5,71.34999847,1088.800049,101.2799988
09-05-2023,59.57142857,2026.599976,72.83999634,1117.099976,101.4000015
10-05-2023,59.97142857,2032.300049,73.58000183,1122.199951,101.6200027
11-05-2023,59.05714286,2034.099976,72.76999664,1108.099976,101.4100037
12-05-2023,57.34285714,2014.5,71.41999817,1070.099976,102.0999985
15-05-2023,57.25714286,2013.800049,70.04000092,1077.800049,102.7099991
16-05-2023,55.28571429,1988.400024,71.31999969,1070,102.4300003
17-05-2023,60.25714286,1983.599976,70.59999847,1085.699951,102.6100006
18-05-2023,64.91428571,1956.5,72.75,1061.300049,102.9100037
19-05-2023,65.45714286,1960,71.94000244,1078.800049,103.5100021
22-05-2023,67.85714286,1980.5,71.69999695,1080.400024,103.1900024
23-05-2023,65.8,1972.400024,72.09999847,1060.699951,103.2699966
24-05-2023,61.82857143,1975.400024,73.76999664,1032.599976,103.5400009
25-05-2023,62.68571429,1943.099976,74.20999908,1029.400024,103.8600006
26-05-2023,65.71428571,1948.199951,71.88999939,1031.199951,104.2300034
30-05-2023,66.08571429,1942.699951,73.23000336,1030,104.3000031
31-05-2023,64.17142857,1958.199951,69.62000275,1007.099976,104.0500031
01-06-2023,68.05714286,1963.199951,67.59999847,1018.200012,104.1500015
02-06-2023,75.42857143,1977.099976,70.20999908,1011.599976,103.5599976
05-06-2023,69.48571429,1947.5,75.02999878,1044.5,104.0400009
06-06-2023,73.51428571,1960.800049,71.98999786,1046.800049,104.0100021
07-06-2023,74.45714286,1959,71.55999756,1032.699951,104.1200027
08-06-2023,75.77142857,1943.199951,72.47000122,1022,104.0699997
09-06-2023,76.97142857,1965.099976,70.94000244,1020.900024,103.3000031
12-06-2023,78.05714286,1959.699951,70.26999664,1003.400024,103.5500031
13-06-2023,79.62857143,1960.599976,67.30999756,990,103.5800018
14-06-2023,79.62857143,1946.199951,69.34999847,988.0999756,103.3199997
15-06-2023,80.88571429,1941.699951,68.69999695,1000,102.9599991
16-06-2023,81.25714286,1961.400024,70.55000305,995.4000244,102.1200027
20-06-2023,80.11428571,1958.599976,71.44999695,976.0999756,102.4800034
21-06-2023,80.11428571,1935.599976,70.90000153,957.0999756,102.5
22-06-2023,80.05714286,1920,72.43000031,934.5999756,102.0299988
23-06-2023,75.71428571,1918.699951,69.52999878,931.7999878,102.3799973
26-06-2023,73.45714286,1922.900024,69.83999634,936.7000122,102.8300018
27-06-2023,75.48571429,1927,69.48999786,936.5999756,102.7399979
28-06-2023,76.51428571,1912.300049,68.01000214,923.4000244,102.5100021
29-06-2023,79.2,1909.900024,69.25,910.9000244,102.9599991
30-06-2023,79.48571429,1908.599976,69.81999969,899.2000122,103.3499985
03-07-2023,82.22857143,1917.900024,70.44999695,900,102.9199982
05-07-2023,79.25714286,1923.5,70.15000153,917.0999756,103.0800018
06-07-2023,77.91428571,1909.300049,71.80000305,899.0999756,103.3499985
07-07-2023,77.68571429,1913.400024,71.88999939,897.7999878,103.0800018
10-07-2023,76.68571429,1923.599976,73.86000061,913,102.2900009
11-07-2023,78.28571429,1925,73.19000244,922.5,101.9400024
12-07-2023,78.17142857,1932.300049,74.83000183,948.9000244,101.5899963
13-07-2023,79.4,1961.099976,75.84999847,974.4000244,100.5199966
14-07-2023,79.8,1958.400024,77.16000366,973.5,99.75
17-07-2023,80.02857143,1954,75.01999664,965.2000122,99.95999908
18-07-2023,81.68571429,1968.800049,74.18000031,985.2000122,99.88999939
19-07-2023,82.34285714,1977,75.83999634,975.4000244,99.98000336
20-07-2023,80.85714286,1973.699951,75.34999847,954.7000122,100.2799988
21-07-2023,81.02857143,1961.800049,75.69999695,963.0999756,100.7799988
24-07-2023,82.51428571,1965.300049,77.01000214,960.5,101.0899963
25-07-2023,81.22857143,1953,78.84999847,967.7000122,101.4199982
26-07-2023,80.6,1966.199951,79.33999634,964,101.3199997
27-07-2023,77.65714286,1945.400024,78.90000153,937,101.1100006
28-07-2023,76.91428571,1945.5,79.83999634,922.2999878,101.6900024
31-07-2023,77.62857143,1959.199951,80.65000153,949.7000122,101.6999969
01-08-2023,77.34285714,1964.900024,81.73000336,931.4000244,101.8700027
02-08-2023,77.34285714,1948.400024,82.05000305,921.2999878,101.9599991
03-08-2023,73.62857143,1934.199951,79.76999664,912.7999878,102.5899963
04-08-2023,64.5,1934.900024,81.73000336,908.5999756,102.4499969
07-08-2023,72.05714286,1941,82.81999969,921.5,102.0100021
08-08-2023,69.2,1931.699951,82.52999878,897.9000244,102.0699997
09-08-2023,67.31428571,1925.400024,82.87999725,886.2000122,102.5500031
10-08-2023,66.34285714,1921.099976,84.25,908.2000122,102.4800034
11-08-2023,65.02857143,1913,82.83000183,907.9000244,102.6200027
14-08-2023,66.28571429,1909.300049,83.08999634,900.0999756,102.8499985
15-08-2023,54.5,1906,82.51999664,885.9000244,103.1500015
16-08-2023,49.48571429,1904.5,81.23000336,885.2999878,103.2099991
17-08-2023,46.14285714,1893.699951,79.25,889.5999756,103.4800034
18-08-2023,43.65714286,1891.800049,80.04000092,909.2000122,103.4000015
21-08-2023,43.48571429,1893.599976,81.43000031,908,103.4300003
22-08-2023,43.44285714,1894.599976,80.80000305,919.5,103.3300018
23-08-2023,50.17142857,1909.599976,79.63999939,932.7000122,103.5800018
24-08-2023,40.58571429,1920,78.56999969,939.0999756,103.3600006
25-08-2023,47.02857143,1919.800049,78.87999725,944.2999878,104.0999985
28-08-2023,45.28571429,1915.5,80.15000153,968.2999878,104.1900024
29-08-2023,49.17142857,1917.900024,79.98000336,982.2000122,103.9199982
30-08-2023,50.42857143,1936,81.29000092,980.2000122,103.4400024
31-08-2023,52.94285714,1944.400024,81.69999695,971.2999878,103.0999985
01-09-2023,55.02857143,1950,83.62999725,965.5999756,103.6200027
05-09-2023,59.08571429,1934.400024,86.05999756,930.4000244,104.1299973
06-09-2023,56.71428571,1924.099976,86.72000122,912.2000122,104.75
07-09-2023,53.62857143,1917.599976,87.54000092,906.5,104.8600006
08-09-2023,51.91428571,1924,86.77999878,891.7000122,105.0599976
11-09-2023,52.2,1923,87.40000153,899.2000122,104.9400024
12-09-2023,51.4,1920.800049,87.26999664,909.7000122,104.5599976
13-09-2023,51.4,1910.300049,88.75,902.0999756,104.5800018
14-09-2023,54.42857143,1903,88.80999756,908,104.7399979
15-09-2023,52.02857143,1923.5,90.66999817,926.4000244,105.3799973
18-09-2023,49.48571429,1928.199951,91.19999695,938.2999878,105.3000031
19-09-2023,49.94285714,1934,92.22000122,948.4000244,105.0800018
20-09-2023,48.28571429,1945.599976,91.55000305,942.2999878,105.1100006
21-09-2023,37.15714286,1924,89.30000305,924.5999756,105.4400024
22-09-2023,33.15714286,1925.400024,89.62000275,934.0999756,105.3799973
25-09-2023,38.42857143,1916.599976,90.55000305,917.5,105.5699997
26-09-2023,24.22857143,1905,89.87999725,906.5,105.9400024
27-09-2023,22.82857143,1871.599976,90.52999878,886.7999878,106.2200012
28-09-2023,29,1875.5,93.77999878,888.5999756,106.6800003
29-09-2023,28.4,1864.300049,91.76000214,904.4000244,106.1500015
02-10-2023,28.31428571,1844.099976,90.81999969,909.5,106.1699982
03-10-2023,20.52857143,1825,88.66999817,874.7999878,107.0299988
04-10-2023,20.98571429,1821.800049,89.41999817,866.5999756,107.0599976
05-10-2023,20.32857143,1826.300049,84.44999695,867.7999878,106.7699966
06-10-2023,27.71428571,1819,82.27999878,854.5,106.3600006
09-10-2023,29.25714286,1842.5,85.25,876.4000244,106.0999985
10-10-2023,32.31428571,1857,86.43000031,880.5,106.0299988
11-10-2023,34.34285714,1869.5,85.95999908,881.5999756,105.7300034
12-10-2023,35.68571429,1874.699951,83.19999695,875.5,105.6699982
13-10-2023,26.27142857,1877.5,83.51000214,875.5,106.5199966
16-10-2023,35.74285714,1910.400024,87.72000122,890.4000244,106.5800018
17-10-2023,39.14285714,1914.300049,87.05999756,896.9000244,106.2600021
18-10-2023,30.57142857,1935,87.80999756,901.2999878,106.2200012
19-10-2023,29.54285714,1950.099976,88.23999786,889.2999878,106.5400009
20-10-2023,22.85714286,1981.099976,90.27999878,896.7000122,106.2600021
23-10-2023,25.84285714,1976.199951,88,896.5999756,106.1600037
24-10-2023,33.48571429,1970.300049,86.15000153,883.4000244,105.6100006
25-10-2023,25.21428571,1971.199951,83.69000244,904.7999878,106.25
26-10-2023,22.71428571,1988.199951,85.37000275,900.0999756,106.5800018
27-10-2023,21.61428571,1988.599976,83.52999878,904.7000122,106.5899963
30-10-2023,29.2,2004.099976,85,931.7999878,106.5800018
31-10-2023,30.14285714,1996.5,82.58999634,936.5,106.1600037
01-11-2023,32.17142857,1990.5,81.48000336,922.5999756,106.6699982
02-11-2023,37.68571429,1989.099976,80.81999969,922.5,106.5
03-11-2023,36.11428571,1989,82.58000183,936.5999756,106.1999969
06-11-2023,38.91428571,1981.599976,81.12999725,910.2000122,105.0699997
07-11-2023,39.62857143,1966.5,80.93000031,891.5,105.2699966
08-11-2023,39.77142857,1967.800049,77.12000275,865.4000244,105.5400009
09-11-2023,41,1951.699951,75.65000153,856.5999756,105.5299988
10-11-2023,41.45714286,1959.599976,75.58999634,838.5999756,105.9300003
13-11-2023,39.88571429,1939.900024,77.15000153,857,105.8000031
14-11-2023,46.6,1965.800049,78.52999878,886.2000122,105.6500015
15-11-2023,52.54285714,1962.800049,78.16999817,895.2999878,104.3799973
16-11-2023,55.05714286,1965.300049,76.59999847,897.0999756,104.3600006
17-11-2023,58.85714286,1982.5,72.97000122,894.7000122,104.4000015
20-11-2023,61.28571429,1978.699951,75.65000153,921.5,103.8199997
21-11-2023,61.17142857,1990.699951,77.65000153,940,103.4700012
22-11-2023,65.05714286,1999.099976,77.76999664,924.5999756,103.5500031
24-11-2023,66.85714286,1991.900024,76.79000092,931.0999756,103.75
27-11-2023,65.31428571,2011.699951,75.30999756,917.0999756,103.4199982
28-11-2023,65.08571429,2040.599976,75.06999969,944.0999756,103.1299973
29-11-2023,63.28571429,2041.699951,76.55999756,930.2000122,102.6500015
30-11-2023,64.37142857,2046.099976,77.75,931.2000122,102.8300018
01-12-2023,64.51428571,2038.300049,75.58999634,932,103.3600006
04-12-2023,63.71428571,2075.300049,74.58000183,921.0999756,103.1900024
05-12-2023,65.14285714,2035.099976,73.30000305,902.5999756,103.5599976
06-12-2023,63.97142857,2019.900024,72.09999847,889.7000122,103.9899979
07-12-2023,66.14285714,2029.199951,69.27999878,908.0999756,104.1100006
08-12-2023,65.94285714,2031.699951,69.76000214,916.2000122,103.6399994
11-12-2023,67.28571429,2004.099976,71.15000153,912.0999756,103.9800034
12-12-2023,67.88571429,1984.199951,71.43000031,927.4000244,104.0299988
13-12-2023,67.54285714,1978.5,68.73000336,918.5,103.8199997
14-12-2023,70.54285714,2024.699951,69.84999847,965.0999756,102.7799988
15-12-2023,69.45714286,2032.599976,71.61000061,949.7999878,102.0999985
18-12-2023,70.48571429,2024.300049,71.68000031,951.5,102.5899963
19-12-2023,82.97142857,2025.199951,72.48000336,963,102.4700012
20-12-2023,75.57142857,2037.099976,74.05999756,971.2999878,102.1900024
21-12-2023,77,2035.800049,73.80999756,967.5999756,102.3899994
22-12-2023,79.74285714,2055.699951,73.91000366,979.5,101.7600021
26-12-2023,81.94285714,2060,73.55999756,980.0999756,101.6500015
27-12-2023,81.17142857,2067.300049,75.31999969,981.5,101.5500031
28-12-2023,81.25714286,2081.600098,73.80000305,1003.099976,100.8700027
29-12-2023,80.71428571,2068,71.98999786,1005.5,101.1999969
02-01-2024,79.71428571,2063.5,71.70999908,990,101.4199982
03-01-2024,76.71428571,2034.199951,70.5,974.7000122,102.1500015
04-01-2024,78.68571429,2041.599976,73.04000092,966,102.4599991
05-01-2024,75.77142857,2044.5,72.40000153,949.7999878,102.4000015
08-01-2024,76.17142857,2019.099976,73.51000214,945,102.4400024
09-01-2024,75.68571429,2035.800049,70.91000366,944.4000244,102.2200012
10-01-2024,76.37142857,2029,72.16999817,927.5,102.4800034
11-01-2024,74.65714286,2025.099976,71.33000183,907.2999878,102.3000031
12-01-2024,73.08571429,2031.099976,73.01000214,910.0999756,102.3000031
16-01-2024,72.28571429,2051.699951,72.62999725,895.0999756,102.7399979
17-01-2024,57.21428571,2026.5,72,894.2000122,103.3600006
18-01-2024,66.45714286,2012.800049,72.77999878,903.2999878,103.3700027
19-01-2024,72.82857143,2023.199951,74.08000183,897.2999878,103.3700027
22-01-2024,72.85714286,2021.300049,73.41000366,894.4000244,103.2399979
23-01-2024,70.25714286,2030.300049,74.68000031,896.2000122,103.3499985
24-01-2024,72.48571429,2023.199951,74.56999969,902.0999756,103.5100021
25-01-2024,73.22857143,2012.099976,75.30000305,887.4000244,103.3499985
26-01-2024,73.8,2021.699951,77.15000153,911.2999878,103.5199966
29-01-2024,74.11428571,2025.199951,78.90000153,928.5999756,103.4700012
30-01-2024,74.22857143,2032.5,77.01999664,915.7000122,103.4400024
31-01-2024,64.11428571,2035.400024,77.83999634,924.4000244,103.4199982
01-02-2024,72.34285714,2040.199951,75.95999908,914,103.5100021
02-02-2024,74.6,2054.800049,73.91000366,893.7999878,102.9899979
05-02-2024,73.31428571,2038.900024,72.75,895.9000244,103.9899979
06-02-2024,73.2,2025.900024,72.76000214,903.2000122,104.4400024
07-02-2024,73.77142857,2032.800049,73.5,879.4000244,104.1500015
08-02-2024,74.6,2028,74.08000183,886.5999756,104.0299988
09-02-2024,75.42857143,2032,76.41999817,871.4000244,104.1399994
12-02-2024,75.82857143,2025.5,76.59999847,891.0999756,104.0800018
13-02-2024,66.74285714,2025.099976,77.02999878,872.7000122,104.1800003
14-02-2024,67.51428571,1990.300049,77.80999756,891.2000122,104.8399963
15-02-2024,73.85714286,1993.599976,76.59999847,899.0999756,104.6600037
16-02-2024,73.48571429,2005,78.11000061,907.5999756,104.3000031
20-02-2024,63.74285714,2015.599976,78.98000336,909.7000122,104.3199997
21-02-2024,63.7,2028.199951,77.15000153,885,104.0400009
22-02-2024,73.94285714,2033.199951,78.08999634,901.7000122,103.9100037
23-02-2024,73.34285714,2026,78.37000275,906,103.9499969
26-02-2024,71.91428571,2034.099976,76.40000153,876.7999878,103.9599991
27-02-2024,75.77142857,2035.900024,77.62000275,892.7999878,103.7799988
28-02-2024,76.77142857,2029.5,78.48000336,881.9000244,103.8399963
29-02-2024,77.45714286,2034.300049,78.19999695,879.9000244,103.9199982
01-03-2024,76.82857143,2043.099976,78.27999878,884.2000122,104.1299973
04-03-2024,79.22857143,2083.600098,80.13999939,900.5,103.8899994
05-03-2024,76.11428571,2114.899902,78.73999786,883.2999878,103.8499985
06-03-2024,72.54285714,2125.5,78.15000153,910.7000122,103.8099976
07-03-2024,73.85714286,2147,79.12999725,920.0999756,103.3099976
08-03-2024,70.02857143,2167.300049,79.51000214,912,102.7300034
11-03-2024,62.77142857,2181,77.80000305,937.7000122,102.7399979
12-03-2024,72.2,2182.5,78.08999634,925.4000244,102.8199997
13-03-2024,71.77142857,2162.5,78.05999756,942.2999878,102.9300003
14-03-2024,70.4,2163,79.62999725,933.4000244,102.7600021
15-03-2024,68.62857143,2161.699951,81.13999939,941.2000122,103.3899994
18-03-2024,70.74285714,2146.199951,81.02999878,918.5,103.4499969
19-03-2024,70.85714286,2156.100098,82.84999847,898.9000244,103.5899963
20-03-2024,69.62857143,2157.300049,83.19999695,897.0999756,103.8399963
21-03-2024,71.37142857,2207,81.48999786,910.7000122,103.2399979
22-03-2024,69.51428571,2179.199951,80.83999634,896.0999756,103.9899979
25-03-2024,67.42857143,2166.199951,80.84999847,906.7000122,104.4300003
26-03-2024,67.91428571,2182.699951,81.94000244,908.5999756,104.2200012
27-03-2024,69.77142857,2179.399902,81.29000092,903.7999878,104.3000031
28-03-2024,68.77142857,2193.600098,81.70999908,897.9000244,104.4400024
01-04-2024,71.25714286,2235.699951,83.13999939,909,104.4899979
02-04-2024,71.14285714,2252,84.04000092,910.9000244,105
03-04-2024,69.4,2281.699951,85.45999908,927,104.7699966
04-04-2024,53.8,2301.699951,85.66000366,940,104.2300034
05-04-2024,58.1,2289.199951,86.86000061,929,104.2099991
08-04-2024,64.02857143,2325.600098,86.09999847,961.9000244,104.2900009
09-04-2024,59.62857143,2337.800049,86.58999634,969.9000244,104.1200027
10-04-2024,49.67142857,2346.600098,85.33999634,966,104.0999985
11-04-2024,56.65714286,2341.5,86.31999969,976.0999756,105.1800003
12-04-2024,45.01428571,2377.300049,85.59999847,990.5,105.2799988
15-04-2024,38.4,2362.100098,85.93000031,969.7999878,106.0100021
16-04-2024,35.11428571,2384,85.69999695,964,106.1699982
17-04-2024,31.15714286,2384.199951,85.36000061,942.7000122,106.3300018
18-04-2024,30.4,2368.399902,82.79000092,942.2999878,105.9300003
19-04-2024,27.67142857,2379.300049,82.62000275,944.0999756,106.1900024
22-04-2024,34.17142857,2383.300049,83.05000305,922.2000122,106.1200027
23-04-2024,36.57142857,2327.699951,82.12999725,915.0999756,106.1200027
24-04-2024,37.48571429,2321.300049,83.40000153,910.5,105.6900024
25-04-2024,39.08571429,2315,82.83000183,905.4000244,105.8199997
26-04-2024,40.51428571,2347.899902,83.80999756,914.2999878,105.5800018
29-04-2024,42.42857143,2334.800049,83.69000244,939.7999878,106.0800018
30-04-2024,40.54285714,2322.5,82.76000214,941.2000122,105.6699982
01-05-2024,40.51428571,2287.699951,81.48000336,950.4000244,106.3199997
02-05-2024,42.22857143,2321.699951,79.15000153,956.7000122,105.7300034
03-05-2024,43.25714286,2300,79.06999969,959.5999756,105.3099976
06-05-2024,39,2322.800049,78.16000366,959.2999878,105.0800018
07-05-2024,37.17142857,2324.300049,78.72000122,960.2000122,105.1399994
08-05-2024,38.17142857,2313.600098,78.33999634,973.7999878,105.4199982
09-05-2024,42.22857143,2310.699951,79.23000336,984.7000122,105.5199966
10-05-2024,46.02857143,2367.300049,79.58999634,1001.099976,105.2099991
13-05-2024,48.11428571,2358.300049,78.18000031,1005.299988,105.3099976
14-05-2024,55.28571429,2336,79.23000336,1039.300049,105.1999969
15-05-2024,59.37142857,2361.600098,78.44000244,1055,105.0500031
16-05-2024,62.31428571,2389.5,78.83999634,1065.400024,104.2099991
17-05-2024,62.8,2380.699951,79.37999725,1084.599976,104.5
20-05-2024,60.42857143,2415.800049,80.01000214,1059.699951,104.5
21-05-2024,59.42857143,2429.5,79.69999695,1056.699951,104.5999985
22-05-2024,58.51428571,2417.5,78.20999908,1044.099976,104.6200027
23-05-2024,52.37142857,2371.199951,77.29000092,1025.699951,104.9000015
24-05-2024,51.74285714,2342.600098,77.04000092,1034.800049,105.0400009
28-05-2024,54.68571429,2336.899902,77.80999756,1061.699951,104.5800018
29-05-2024,49.97142857,2340.300049,80.26000214,1042.699951,104.6399994
30-05-2024,45.08571429,2336.899902,79.27999878,1034.800049,105.1299973
31-05-2024,48.42857143,2344.100098,77.91000366,1028,104.7600021
03-06-2024,45.48571429,2322.600098,76.97000122,1018.5,104.6299973
04-06-2024,47.62857143,2347.5,74.01999664,991.5999756,104.0500031
05-06-2024,51.14285714,2326.399902,72.90000153,996,104.1699982
06-06-2024,45.31428571,2355,74.30000305,1008.299988,104.25
07-06-2024,43.4,2379.899902,75.66999817,967.7999878,104.0899963
10-06-2024,44.74285714,2290.600098,75.34999847,972.5,105.0400009
11-06-2024,44.4,2300,78.12000275,955.5999756,105.1500015
12-06-2024,46.57142857,2314.899902,78.22000122,968.2000122,105.2799988
13-06-2024,44.57142857,2309.399902,78.37000275,951.2999878,104.6900024
14-06-2024,41.11428571,2307,77.95999908,955.2999878,105.2300034
17-06-2024,43.28571429,2320.199951,78.48000336,963.2000122,105.5100021
18-06-2024,41.28571429,2311.800049,80.43000031,974.0999756,105.3000031
20-06-2024,38.71428571,2328.899902,81.51999664,981.5999756,105.1999969
21-06-2024,39.05714286,2331.199951,81.26999664,993.7000122,105.6399994
24-06-2024,37.77142857,2323.300049,80.44999695,999.0999756,105.8300018
25-06-2024,37.28571429,2324.399902,81.69999695,983.7000122,105.5100021
26-06-2024,40.88571429,2307.899902,80.72000122,1020.700012,105.6600037
27-06-2024,45.51428571,2296.800049,80.86000061,1016.5,106.0699997
28-06-2024,44.31428571,2325.399902,81.86000061,988.9000244,105.9199982
01-07-2024,47.94285714,2323.800049,81.44999695,983.2000122,105.8499985
02-07-2024,49.74285714,2330.699951,83.43000031,998.2000122,105.8499985
03-07-2024,48.37142857,2330.899902,83.19999695,1002,105.6699982
05-07-2024,49.71428571,2354.899902,83.59999847,1039.099976,105.1699982
08-07-2024,51.05714286,2381.699951,83.15000153,1003.700012,104.8799973
09-07-2024,50.57142857,2363.100098,82.22000122,996.2999878,104.9899979
10-07-2024,54.6,2366.300049,81.80999756,997.5,105.1200027
11-07-2024,49.4,2378.699951,82.40000153,994.5,104.9899979
12-07-2024,54.37142857,2399.800049,82.86000061,1004.5,104.5199966
15-07-2024,57.74285714,2430,82.16000366,990.4000244,104.0800018
16-07-2024,57.02857143,2427.399902,81.91999817,1000,104.25
17-07-2024,46.11428571,2472.899902,80.84999847,996.9000244,104.2200012
18-07-2024,45.94285714,2466,83.11000061,974.7000122,103.6999969
19-07-2024,43,2418.800049,82.47000122,963,104.1600037
22-07-2024,48.42857143,2402.100098,80.38999939,961,104.3700027
23-07-2024,46.85714286,2395.800049,78.26999664,945,104.3099976
24-07-2024,38.61428571,2421,77.44999695,958.7999878,104.4800034
25-07-2024,39.07142857,2365.5,77.5,941.2000122,104.3799973
26-07-2024,42.54285714,2368.699951,78.34999847,934.0999756,104.3600006
29-07-2024,42.07142857,2377.300049,77.30000305,949,104.3300018
30-07-2024,40.8,2380.899902,75.91000366,955,104.5599976
31-07-2024,46.88571429,2407.100098,75.23999786,982.2000122,104.4300003
01-08-2024,32.41374322,2446.699951,78.58999634,965.4000244,104.0699997
02-08-2024,27.2,2444,76.87000275,967.2000122,104.3099976
05-08-2024,16.57389771,2442,74.20999908,911,103.2200012
06-08-2024,23.68362369,2414.5,73.86000061,911.2999878,102.7799988
07-08-2024,19.75938038,2392.199951,72.83999634,924.0999756,102.9499969
08-08-2024,23.95238095,2384.300049,75.47000122,934.2999878,103.0899963
09-08-2024,23.45714286,2422.300049,76.01999664,928.2999878,103.2699966
12-08-2024,21.94285714,2432.699951,76.98999786,945.0999756,103.1500015
13-08-2024,25.08571429,2461,79.73999786,943.0999756,103.0899963
14-08-2024,27.6,2468,78.73000336,927.5999756,102.6100006
15-08-2024,33.11428571,2451.800049,77.51999664,960,102.6299973
16-08-2024,35.42857143,2453.5,78.16000366,957.2999878,103.0400009
19-08-2024,46.94285714,2508.5,76.58000183,958.9000244,102.4000015
20-08-2024,47.28571429,2503.5,74.33999634,951.5999756,101.8799973
21-08-2024,51.74285714,2511,73.12000275,969.4000244,101.3499985
22-08-2024,48.4,2504.100098,71.93000031,948.5999756,101.1299973
23-08-2024,54.82857143,2486.5,72.95999908,960.4000244,101.4599991
26-08-2024,43.62857143,2509.899902,75.09999847,968.5999756,100.6800003
27-08-2024,55,2515.199951,77.19999695,959,100.8199997
28-08-2024,56.22857143,2501,75.75,933.7000122,100.5699997
29-08-2024,60.11428571,2504.100098,74.41999817,936.4000244,101
30-08-2024,62.97142857,2519.5,75.87000275,927.7999878,101.3799973
03-09-2024,54.14285714,2501.600098,73.52999878,905.2999878,101.6600037
04-09-2024,49.74285714,2490.899902,70.27999878,903.7999878,101.6900024
05-09-2024,47.57142857,2493.699951,69.26999664,925.9000244,101.2799988
06-09-2024,39.25714286,2510.300049,69.33000183,914.2999878,101.0599976
09-09-2024,40.88571429,2491.300049,68.12999725,942.5,101.1900024
10-09-2024,38.45714286,2512.300049,68.77999878,939.9000244,101.6399994
11-09-2024,39.08571429,2525.800049,66.27999878,952.4000244,101.6600037
12-09-2024,44.8,2529.100098,67.38999939,971.7000122,101.7799988
13-09-2024,47.48571429,2568.800049,69.30999756,1006.5,101.1999969
16-09-2024,54.08571429,2580.399902,69.16000366,987.9000244,101.0400009
17-09-2024,55.88571429,2581.199951,70.5,994.7999878,100.7600021
18-09-2024,60.82857143,2570.699951,71.13999939,974.7999878,100.9400024
